title,link,company,location,pay
Women in Tech - all levels - at sustainable start-up (f/x) - Munich or Remote,https://stackoverflow.com/jobs/565648/women-in-tech-all-levels-at-sustainable-start-finn?a=33Hs1fLCApz2&so=i&pg=1&offset=0&total=60&so_medium=Internal&so_source=JobSearch&q=javascript&r=true,FINN,No office location,‚Ç¨60k‚Äì80k
Full-Stack Javascript Developer (Node.js / React / Next.js),https://stackoverflow.com/jobs/565669/full-stack-javascript-developer-nodejs-react-oozou?a=33HSVKlBLlHa&so=i&pg=1&offset=1&total=60&so_medium=Internal&so_source=JobSearch&q=javascript&r=true,OOZOU,No office location,
Full-Stack JavaScript Developer (Remote),https://stackoverflow.com/jobs/534446/full-stack-javascript-developer-remote-x-team?a=2TeFxraI4Veo&so=i&pg=1&offset=2&total=60&so_medium=Internal&so_source=JobSearch&q=javascript&r=true,X-Team,No office location,
"Full-Stack Developer (JavaScript, Node.JS) - REMOTE",https://stackoverflow.com/jobs/559442/full-stack-developer-javascript-nodejs-mufg?a=31CpldlHBt3G&so=i&pg=1&offset=3&total=60&so_medium=Internal&so_source=JobSearch&q=javascript&r=true,MUFG,No office location,
"Remote Polyglot Software Engineer ‚Äì TDD, XP, JavaScript",https://stackoverflow.com/jobs/523004/remote-polyglot-software-engineer-tdd-xp-pragmateam?a=2PoKZkhDXTG0&so=i&pg=1&offset=4&total=60&so_medium=Internal&so_source=JobSearch&q=javascript&r=true,Pragmateam,No office location,$40k‚Äì80k
Fullstack Developer Javascript | Remote,https://stackoverflow.com/jobs/560111/fullstack-developer-javascript-remote-unite?a=31QjMVrOCEU0&so=i&pg=1&offset=5&total=60&so_medium=Internal&so_source=JobSearch&q=javascript&r=true,Unite,No office location,
(Senior) Frontend Engineer at sustainable start-up (m/f/x) - Munich or Remote,https://stackoverflow.com/jobs/519612/senior-frontend-engineer-at-sustainable-start-finn?a=2Ogeaa7MiV4k&so=i&pg=1&offset=6&total=60&so_medium=Internal&so_source=JobSearch&q=javascript&r=true,FINN,"M√ºnchen, Germany",‚Ç¨60k‚Äì80k
Senior Frontend Software Developer | React JS / Typescript f/m/x f√ºr HR Tech,https://stackoverflow.com/jobs/562776/senior-frontend-software-developer-react-js-heavenhr?a=32JJoz4lAxRS&so=i&pg=1&offset=7&total=60&so_medium=Internal&so_source=JobSearch&q=javascript&r=true,HeavenHR,"Berlin, Deutschland",‚Ç¨70k‚Äì90k
(Senior) Backend Engineer at sustainable start-up (m/f/x) - Munich or Remote,https://stackoverflow.com/jobs/331741/senior-backend-engineer-at-sustainable-start-up-finn?a=1NfQQLMNG1Lq&so=i&pg=1&offset=8&total=60&so_medium=Internal&so_source=JobSearch&q=javascript&r=true,FINN,"M√ºnchen, Germany",‚Ç¨60k‚Äì80k
React Native/React Front-End Engineer - Asset Integration,https://stackoverflow.com/jobs/565734/react-native-react-front-end-engineer-asset-exodusio?a=33JeJ3sB3rzy&so=i&pg=1&offset=9&total=60&so_medium=Internal&so_source=JobSearch&q=javascript&r=true,Exodus.io,No office location,
Vue.js Developer (Remote),https://stackoverflow.com/jobs/534462/vuejs-developer-remote-x-team?a=2Tf0ahzk3Eys&so=i&pg=1&offset=10&total=60&so_medium=Internal&so_source=JobSearch&q=javascript&r=true,X-Team,No office location,
React Front-End Engineer,https://stackoverflow.com/jobs/537888/react-front-end-engineer-exodusio?a=2UoeOZzuqqYw&so=i&pg=1&offset=11&total=60&so_medium=Internal&so_source=JobSearch&q=javascript&r=true,Exodus.io,No office location,
Remote Experienced Frontend Engineer - React,https://stackoverflow.com/jobs/562427/remote-experienced-frontend-engineer-react-theorem-llc?a=32CtDKlNPCzm&so=i&pg=1&offset=12&total=60&so_medium=Internal&so_source=JobSearch&q=javascript&r=true,"Theorem, LLC",No office location,
PHP Developer (Remote),https://stackoverflow.com/jobs/534453/php-developer-remote-x-team?a=2TeOyVQtH7ji&so=i&pg=1&offset=13&total=60&so_medium=Internal&so_source=JobSearch&q=javascript&r=true,X-Team,No office location,
Quality Assurance Engineer (m/f/d) - onsite or remote within the EU,https://stackoverflow.com/jobs/548067/quality-assurance-engineer-m-f-d-onsite-or-about-you-se-co-kg?a=2XNTagCHwSxW&so=i&pg=1&offset=14&total=60&so_medium=Internal&so_source=JobSearch&q=javascript&r=true,ABOUT YOU SE & Co. KG,No office location,
Polyglot Developer (m/f/d),https://stackoverflow.com/jobs/514401/polyglot-developer-m-f-d-acrolinx?a=2MvSwhM5w6ys&so=i&pg=1&offset=15&total=60&so_medium=Internal&so_source=JobSearch&q=javascript&r=true,Acrolinx,No office location,
Node.js Developer (Remote),https://stackoverflow.com/jobs/534451/nodejs-developer-remote-x-team?a=2TeLZ4NoWM92&so=i&pg=1&offset=16&total=60&so_medium=Internal&so_source=JobSearch&q=javascript&r=true,X-Team,No office location,
Backend Engineer (Remote or Singapore),https://stackoverflow.com/jobs/554839/backend-engineer-remote-or-singapore-bandlab-technologies?a=304HlsDYmMLK&so=i&pg=1&offset=17&total=60&so_medium=Internal&so_source=JobSearch&q=javascript&r=true,BandLab Technologies,Singapore,
Senior React engineer,https://stackoverflow.com/jobs/565670/senior-react-engineer-whitespectre?a=33HUdFS98whi&so=i&pg=1&offset=18&total=60&so_medium=Internal&so_source=JobSearch&q=javascript&r=true,Whitespectre,No office location,
Senior Front end,https://stackoverflow.com/jobs/561563/senior-front-end-request?a=32kvE7tpgv1m&so=i&pg=1&offset=19&total=60&so_medium=Internal&so_source=JobSearch&q=javascript&r=true,Request,No office location,
Senior Ruby on Rails developer,https://stackoverflow.com/jobs/518196/senior-ruby-on-rails-developer-marketer-technologies-as?a=2NMMImZz7dVC&so=i&pg=1&offset=20&total=60&so_medium=Internal&so_source=JobSearch&q=javascript&r=true,Marketer Technologies AS,"Oslo, Norway",
"Architect ( React,Node,AWS) - Remote",https://stackoverflow.com/jobs/565720/architect-react-node-aws-remote-modus-create?a=33IWG473P3pK&so=i&pg=1&offset=21&total=60&so_medium=Internal&so_source=JobSearch&q=javascript&r=true,Modus Create,No office location,$70k‚Äì85k
Senior Security Engineer,https://stackoverflow.com/jobs/561462/senior-security-engineer-exodusio?a=32iprpt2wgak&so=i&pg=1&offset=22&total=60&so_medium=Internal&so_source=JobSearch&q=javascript&r=true,Exodus.io,No office location,
QA Tester,https://stackoverflow.com/jobs/561041/qa-tester-self-decode?a=329EHNwqboQ0&so=i&pg=1&offset=23&total=60&so_medium=Internal&so_source=JobSearch&q=javascript&r=true,Self Decode,No office location,$10k‚Äì30k
Senior WordPress Engineer (Remote),https://stackoverflow.com/jobs/507941/senior-wordpress-engineer-remote-xwp?a=2KlyoA3rBO4o&so=i&pg=1&offset=24&total=60&so_medium=Internal&so_source=JobSearch&q=javascript&r=true,XWP,No office location,$85k‚Äì110k
Backend Engineer -Working in Japan,https://stackoverflow.com/jobs/273843/backend-engineer-working-in-japan-line-fukuoka?a=1tPZ9Sh7Zt6M&so=i&pg=2&offset=0&total=117&so_medium=Internal&so_source=JobSearch&q=javascript,LINE Fukuoka,"Fukuoka, Japan",¬•6000k‚Äì10000k
Backend Engineer,https://stackoverflow.com/jobs/516824/backend-engineer-asurion?a=2NkfZoX2n2qA&so=i&pg=2&offset=1&total=117&so_medium=Internal&so_source=JobSearch&q=javascript,"Asurion
                        via
Computer Futures Japan","Tokyo, Japan",¬•7200k‚Äì9600k
React Front-End Engineer,https://stackoverflow.com/jobs/537888/react-front-end-engineer-exodusio?a=2UoeOZzuqqYw&so=i&pg=2&offset=2&total=117&so_medium=Internal&so_source=JobSearch&q=javascript,Exodus.io,No office location,
Women in Tech - all levels - at sustainable start-up (f/x) - Munich or Remote,https://stackoverflow.com/jobs/565648/women-in-tech-all-levels-at-sustainable-start-finn?a=33Hs1fLCApwY&so=i&pg=2&offset=3&total=117&so_medium=Internal&so_source=JobSearch&q=javascript,FINN,No office location,‚Ç¨60k‚Äì80k
Vue.js Developer (Remote),https://stackoverflow.com/jobs/534462/vuejs-developer-remote-x-team?a=2Tf0ahzk3Eys&so=i&pg=2&offset=4&total=117&so_medium=Internal&so_source=JobSearch&q=javascript,X-Team,No office location,
"Software Engineer, Web Platform [Mercari]",https://stackoverflow.com/jobs/562439/software-engineer-web-platform-mercari-mercari?a=32CJ6SEgjFyU&so=i&pg=2&offset=5&total=117&so_medium=Internal&so_source=JobSearch&q=javascript,Mercari,"Tokyo, Japan",
"Frontend Engineer, React (f/m/x)",https://stackoverflow.com/jobs/560456/frontend-engineer-react-f-m-x-mister-spex?a=31Xuy1vwyxWw&so=i&pg=2&offset=6&total=117&so_medium=Internal&so_source=JobSearch&q=javascript,Mister Spex,"Berlin, Deutschland",‚Ç¨60k‚Äì75k
Quality Assurance Engineer (m/f/d) - onsite or remote within the EU,https://stackoverflow.com/jobs/548067/quality-assurance-engineer-m-f-d-onsite-or-about-you-se-co-kg?a=2XNTagCHwSxW&so=i&pg=2&offset=7&total=117&so_medium=Internal&so_source=JobSearch&q=javascript,ABOUT YOU SE & Co. KG,No office location,
"Software Engineer, Platform Infrastructure",https://stackoverflow.com/jobs/448299/software-engineer-platform-infrastructure-smartnews?a=2qlqpzh09z6E&so=i&pg=2&offset=8&total=117&so_medium=Internal&so_source=JobSearch&q=javascript,SmartNews,"Shibuya City, Japan",
C++ Software Developer (w/m/d) - Automotive Simulation - Munich / DE-remote,https://stackoverflow.com/jobs/551302/c-plus-plus-software-developer-w-m-d-automotive-paradox-cat-gmbh?a=2YT9ALo3w3Fm&so=i&pg=2&offset=9&total=117&so_medium=Internal&so_source=JobSearch&q=javascript,Paradox Cat GmbH,"M√ºnchen, Deutschland",
Senior Software Engineer/SRE - Trading Analytics,https://stackoverflow.com/jobs/551412/senior-software-engineer-sre-trading-analytics-bloomberg-lp?a=2YVryOyAitQ4&so=i&pg=2&offset=10&total=117&so_medium=Internal&so_source=JobSearch&q=javascript,Bloomberg LP,"London, UK",
PHP Developer (Remote),https://stackoverflow.com/jobs/534453/php-developer-remote-x-team?a=2TeOyVQtH7ji&so=i&pg=2&offset=11&total=117&so_medium=Internal&so_source=JobSearch&q=javascript,X-Team,No office location,
Remote Experienced Frontend Engineer - React,https://stackoverflow.com/jobs/562427/remote-experienced-frontend-engineer-react-theorem-llc?a=32CtDKlNPCzm&so=i&pg=2&offset=12&total=117&so_medium=Internal&so_source=JobSearch&q=javascript,"Theorem, LLC",No office location,
Senior Front end,https://stackoverflow.com/jobs/561563/senior-front-end-request?a=32kvE7tpgv1m&so=i&pg=2&offset=13&total=117&so_medium=Internal&so_source=JobSearch&q=javascript,Request,No office location,
Senior Backend Developer (f/m/d),https://stackoverflow.com/jobs/522556/senior-backend-developer-f-m-d-homelike-internet-gmbh?a=2PfrrFauxqCc&so=i&pg=2&offset=14&total=117&so_medium=Internal&so_source=JobSearch&q=javascript,HOMELIKE INTERNET GmbH,"K√∂ln, Deutschland",
"Software Engineer, Backend [US App]",https://stackoverflow.com/jobs/471997/software-engineer-backend-us-app-mercari?a=2yib31GCgcCY&so=i&pg=2&offset=15&total=117&so_medium=Internal&so_source=JobSearch&q=javascript,Mercari,"Tokyo, Japan",
Node.js Developer (Remote),https://stackoverflow.com/jobs/534451/nodejs-developer-remote-x-team?a=2TeLZ4NoWM92&so=i&pg=2&offset=16&total=117&so_medium=Internal&so_source=JobSearch&q=javascript,X-Team,No office location,
Polyglot Developer (m/f/d),https://stackoverflow.com/jobs/514401/polyglot-developer-m-f-d-acrolinx?a=2MvSwhM5w6ys&so=i&pg=2&offset=17&total=117&so_medium=Internal&so_source=JobSearch&q=javascript,Acrolinx,No office location,
Senior React engineer,https://stackoverflow.com/jobs/565670/senior-react-engineer-whitespectre?a=33HUdFS98whi&so=i&pg=2&offset=18&total=117&so_medium=Internal&so_source=JobSearch&q=javascript,Whitespectre,No office location,
UX/UI Designer - ArcGIS 3D Scene Viewer,https://stackoverflow.com/jobs/533788/ux-ui-designer-arcgis-3d-scene-viewer-esri?a=2T0ZqVhPQfS0&so=i&pg=2&offset=19&total=117&so_medium=Internal&so_source=JobSearch&q=javascript,Esri,"Z√ºrich, Switzerland",
Backend Engineer (Remote or Singapore),https://stackoverflow.com/jobs/554839/backend-engineer-remote-or-singapore-bandlab-technologies?a=304HlsDYmMLK&so=i&pg=2&offset=20&total=117&so_medium=Internal&so_source=JobSearch&q=javascript,BandLab Technologies,Singapore,
Salesforce Engineering Manager (Q-Commerce - Local Shops) (f/m/d),https://stackoverflow.com/jobs/565645/salesforce-engineering-manager-q-commerce-delivery-hero-se?a=33HnZtKGNfI4&so=i&pg=2&offset=21&total=117&so_medium=Internal&so_source=JobSearch&q=javascript,Delivery Hero SE,"Berlin, Germany",
(Senior) Android Software Developer - Munich,https://stackoverflow.com/jobs/181583/senior-android-software-developer-munich-paradox-cat-gmbh?a=YTDffLyQ2FG&so=i&pg=2&offset=22&total=117&so_medium=Internal&so_source=JobSearch&q=javascript,Paradox Cat GmbH,"M√ºnchen, Deutschland",
Senior Ruby on Rails developer,https://stackoverflow.com/jobs/518196/senior-ruby-on-rails-developer-marketer-technologies-as?a=2NMMImZz7dVC&so=i&pg=2&offset=23&total=117&so_medium=Internal&so_source=JobSearch&q=javascript,Marketer Technologies AS,"Oslo, Norway",
Senior Backend Developer - Node (Remote),https://stackoverflow.com/jobs/556300/senior-backend-developer-node-remote-bitfinex?a=30z4O0opna8g&so=i&pg=2&offset=24&total=117&so_medium=Internal&so_source=JobSearch&q=javascript,Bitfinex,No office location,
Full Stack Engineer (m/f/d),https://stackoverflow.com/jobs/544458/full-stack-engineer-m-f-d-relayr?a=2WAQKL1lrvAQ&so=i&pg=3&offset=0&total=117&so_medium=Internal&so_source=JobSearch&q=javascript,Relayr,"Berlin, Germany",‚Ç¨60k‚Äì75k
Integration Engineer,https://stackoverflow.com/jobs/555758/integration-engineer-brave-software?a=30nOf7nYuimQ&so=i&pg=3&offset=1&total=117&so_medium=Internal&so_source=JobSearch&q=javascript,Brave Software,No office location,
UX/UI Designer - ArcGIS 3D Scene Viewer,https://stackoverflow.com/jobs/533788/ux-ui-designer-arcgis-3d-scene-viewer-esri?a=2T0ZqVhPQfS0&so=i&pg=3&offset=2&total=117&so_medium=Internal&so_source=JobSearch&q=javascript,Esri,"Z√ºrich, Switzerland",
DevOps Cloud Engineer m/w/d,https://stackoverflow.com/jobs/519984/devops-cloud-engineer-m-w-d-marc-opolo-international-gmbh?a=2OnXJjm1kpQk&so=i&pg=3&offset=3&total=117&so_medium=Internal&so_source=JobSearch&q=javascript,MARC O'POLO International GmbH,"Stephanskirchen, Deutschland",
Lead Full Stack Developer,https://stackoverflow.com/jobs/562438/lead-full-stack-developer-motive-interactive?a=32CHEXGpgQUg&so=i&pg=3&offset=4&total=117&so_medium=Internal&so_source=JobSearch&q=javascript,Motive Interactive,No office location,
QA Tester,https://stackoverflow.com/jobs/561041/qa-tester-self-decode?a=329EHNwqboQ0&so=i&pg=3&offset=5&total=117&so_medium=Internal&so_source=JobSearch&q=javascript,Self Decode,No office location,$10k‚Äì30k
QA Automation Engineer (Remote),https://stackoverflow.com/jobs/534456/qa-automation-engineer-remote-x-team?a=2TeSqIq5OD3G&so=i&pg=3&offset=6&total=117&so_medium=Internal&so_source=JobSearch&q=javascript,X-Team,No office location,
Salesforce Engineering Manager (Q-Commerce - Local Shops) (f/m/d),https://stackoverflow.com/jobs/565645/salesforce-engineering-manager-q-commerce-delivery-hero-se?a=33HnZtKGNfI4&so=i&pg=3&offset=7&total=117&so_medium=Internal&so_source=JobSearch&q=javascript,Delivery Hero SE,"Berlin, Germany",
Senior WordPress Engineer (Remote),https://stackoverflow.com/jobs/507941/senior-wordpress-engineer-remote-xwp?a=2KlyoA3rBO4o&so=i&pg=3&offset=8&total=117&so_medium=Internal&so_source=JobSearch&q=javascript,XWP,No office location,$85k‚Äì110k
Senior Ruby on Rails developer,https://stackoverflow.com/jobs/518196/senior-ruby-on-rails-developer-marketer-technologies-as?a=2NMMImZz7dVC&so=i&pg=3&offset=9&total=117&so_medium=Internal&so_source=JobSearch&q=javascript,Marketer Technologies AS,"Oslo, Norway",
"Senior Software Developer/Team Leader in Berlin, Hamburg, G√∂ttingen or Abingdon",https://stackoverflow.com/jobs/550234/senior-software-developer-team-leader-in-berlin-evotec-se?a=2YwWLQTanLjy&so=i&pg=3&offset=10&total=117&so_medium=Internal&so_source=JobSearch&q=javascript,Evotec SE,"Berlin, Germany",
Senior Frontend Engineer - Payroll (f/m/d),https://stackoverflow.com/jobs/561463/senior-frontend-engineer-payroll-f-m-d-personio?a=32iqTkqTz4OY&so=i&pg=3&offset=11&total=117&so_medium=Internal&so_source=JobSearch&q=javascript,Personio,"Madrid, Spain",
"Software Engineering Manager - Selection Domain, Core Order (w/m/d)",https://stackoverflow.com/jobs/562276/software-engineering-manager-selection-domain-delivery-hero-se?a=32zkOEFcJcvm&so=i&pg=3&offset=12&total=117&so_medium=Internal&so_source=JobSearch&q=javascript,Delivery Hero SE,"Berlin, Germany",
Senior Frontend Engineer - Employee Performance & Development,https://stackoverflow.com/jobs/551287/senior-frontend-engineer-employee-performance-personio?a=2YSQpPXiA8ZW&so=i&pg=3&offset=13&total=117&so_medium=Internal&so_source=JobSearch&q=javascript,Personio,"Amsterdam, Netherlands",
Senior Software Engineer - Market Data Distribution,https://stackoverflow.com/jobs/551413/senior-software-engineer-market-data-bloomberg-lp?a=2YVsQK57FEqc&so=i&pg=3&offset=14&total=117&so_medium=Internal&so_source=JobSearch&q=javascript,Bloomberg LP,"Frankfurt, Germany",
Senior Python Full Stack Engineer,https://stackoverflow.com/jobs/551750/senior-python-full-stack-engineer-e-bot7-gmbh?a=2Z2t8qvcWwJa&so=i&pg=3&offset=15&total=117&so_medium=Internal&so_source=JobSearch&q=javascript,e-bot7 GmbH,"Munich, Germany",
Open source stack software engineering lead,https://stackoverflow.com/jobs/564537/open-source-stack-software-engineering-lead-canonical?a=33klBsggI836&so=i&pg=3&offset=16&total=117&so_medium=Internal&so_source=JobSearch&q=javascript,Canonical,No office location,
Senior Security Engineer,https://stackoverflow.com/jobs/561462/senior-security-engineer-exodusio?a=32iprpt2wgak&so=i&pg=3&offset=17&total=117&so_medium=Internal&so_source=JobSearch&q=javascript,Exodus.io,No office location,
iOS / Swift Developer (Remote),https://stackoverflow.com/jobs/534448/ios-swift-developer-remote-x-team?a=2TeI7idMPgoE&so=i&pg=3&offset=18&total=117&so_medium=Internal&so_source=JobSearch&q=javascript,X-Team,No office location,
SRE Lead,https://stackoverflow.com/jobs/559156/sre-lead-electrolux?a=31wsDRfKIEoM&so=i&pg=3&offset=19&total=117&so_medium=Internal&so_source=JobSearch&q=javascript,Electrolux,"Stockholm, Sweden",
C++ Engineer - Player Features & Framework,https://stackoverflow.com/jobs/496574/c-plus-plus-engineer-player-features-framework-spotify?a=2GxcH2Y4ceic&so=i&pg=3&offset=20&total=117&so_medium=Internal&so_source=JobSearch&q=javascript,Spotify,No office location,
IFS FSM Developer,https://stackoverflow.com/jobs/559021/ifs-fsm-developer-electrolux?a=31tEBBp5gBJm&so=i&pg=3&offset=21&total=117&so_medium=Internal&so_source=JobSearch&q=javascript,Electrolux,"Stockholm, Sweden",
Software Engineering Manager - (Salesforce Tech Team) (f/m/d),https://stackoverflow.com/jobs/560699/software-engineering-manager-salesforce-tech-delivery-hero-se?a=322xOu2kn1xS&so=i&pg=3&offset=22&total=117&so_medium=Internal&so_source=JobSearch&q=javascript,Delivery Hero SE,"Berlin, Germany",‚Ç¨85k‚Äì90k
"Architect ( React,Node,AWS) - Remote",https://stackoverflow.com/jobs/565720/architect-react-node-aws-remote-modus-create?a=33IWG473P3pK&so=i&pg=3&offset=23&total=117&so_medium=Internal&so_source=JobSearch&q=javascript,Modus Create,No office location,$70k‚Äì85k
Senior Frontend Engineer,https://stackoverflow.com/jobs/501125/senior-frontend-engineer-remote?a=2I3PuyWukocU&so=i&pg=3&offset=24&total=117&so_medium=Internal&so_source=JobSearch&q=javascript,Remote,No office location,
Senior JavaScript Developer (Fullstack),https://weworkremotely.com//company/fingerprintjs,FingerprintJS,Anywhere in the World,
Sr. Ruby on Rails Engineer ‚Äî React.js / Javascript,https://weworkremotely.com//company/aha,Aha!,Americas Only,
Backend Javascript / Node.js Developer - Remote/SaaS (m/f/d),https://weworkremotely.com//company/socialhub,SocialHub,Anywhere in the World,
Senior JavaScript Developer,https://weworkremotely.com//company/bottomless,Bottomless,Anywhere in the World,
Ruby on Rails Engineer (React.js / Javascript),https://weworkremotely.com//company/aha,Aha!,Anywhere in the World,
Senior Full Stack Engineer - JavaScript,https://weworkremotely.com//company/clevertech,Clevertech,Anywhere in the World,
Javascript Application Developer (Remote),https://weworkremotely.com//company/last-call-media,Last Call Media,Anywhere in the World,
Full-Stack JavaScript Developer,https://weworkremotely.com//company/x-team,X-Team,Anywhere in the World,
"Senior Software Engineer (Frontend, JavaScript)",https://weworkremotely.com//company/automattic,Automattic,Anywhere in the World,
JavaScript Developer,https://weworkremotely.com//company/alphamap,AlphaMap,Americas Only,
Javascript Developer (3D Graphics),https://weworkremotely.com//company/spline,Spline,Anywhere in the World,
Sr. Front End Engineer (Javascript and React),https://weworkremotely.com//company/aha,Aha!,Americas Only,
Senior JavaScript/TypeScript Engineer,https://weworkremotely.com//company/fingerprintjs,FingerprintJS,Anywhere in the World,
JavaScript Developer,https://weworkremotely.com//company/chalkboard,Chalkboard,Europe Only,
Mid Senior Full Stack Rails Developer,https://remoteok.com//remote-jobs/107964-remote-mid-senior-full-stack-rails-developer-gleam-io,Gleam.io,üåè Worldwide,
Full Stack JavaScript Engineer,https://remoteok.com//remote-jobs/107971-remote-full-stack-javascript-engineer-we-are-eves,We Are Eves,Amsterdam,
Lead Frontend Engineer,https://remoteok.com//remote-jobs/107945-remote-lead-frontend-engineer-newfront,Newfront,Latin America,
Senior Full Stack Engineer,https://remoteok.com//remote-jobs/107944-remote-senior-full-stack-engineer-made-renovation,Made Renovation,Latin America,
Senior Software Engineer,https://remoteok.com//remote-jobs/107943-remote-senior-software-engineer-darwin-homes,Darwin Homes,Latin America,
Senior Frontend Engineer,https://remoteok.com//remote-jobs/107934-remote-senior-frontend-engineer-datakitchen,DataKitchen,üåè Worldwide,
Senior Backend Engineer,https://remoteok.com//remote-jobs/107912-remote-senior-backend-engineer-momentranks,MomentRanks,üåè Worldwide,
Senior Software Engineer React,https://remoteok.com//remote-jobs/107904-remote-senior-software-engineer-react-jitera,Jitera,üåè Worldwide,
Senior Software Developer Back End Typescript Nodejs,https://remoteok.com//remote-jobs/107850-remote-senior-software-developer-back-end-typescript-nodejs-stealth-startup,Stealth Startup,üåè Worldwide,
Senior JavaScript Developer,https://remoteok.com//remote-jobs/107848-remote-senior-javascript-developer-laskie,Laskie,Latin America,
Engineering Manager,https://remoteok.com//remote-jobs/107844-remote-engineering-manager-laskie,Laskie,Latin America,
Senior Frontend Developer,https://remoteok.com//remote-jobs/107843-remote-senior-frontend-developer-laskie,Laskie,Latin America,
Senior Software Engineer,https://remoteok.com//remote-jobs/107842-remote-senior-software-engineer-laskie,Laskie,Latin America,
Senior Full Stack Developer,https://remoteok.com//remote-jobs/107795-remote-senior-full-stack-developer-toptal,Toptal,üåè Worldwide,
Senior Front End Developer,https://remoteok.com//remote-jobs/107794-remote-senior-front-end-developer-toptal,Toptal,üåè Worldwide,
Senior Mobile Engineer,https://remoteok.com//remote-jobs/107789-remote-senior-mobile-engineer-companycam,CompanyCam,US Remote,
Fullstack Engineer,https://remoteok.com//remote-jobs/107780-remote-fullstack-engineer-refinable-limited,Refinable Limited,üåè Worldwide,
Senior Cypress Engineer,https://remoteok.com//remote-jobs/107773-remote-senior-cypress-engineer-contra,Contra,North America,
Front End Developer,https://remoteok.com//remote-jobs/107762-remote-front-end-developer-rekki,REKKI,London,
React Native Test Developer,https://remoteok.com//remote-jobs/107750-remote-react-native-test-developer-carbon-diet-coach,Carbon Diet Coach,North America (Pst-Est),
Lead Frontend Engineer,https://remoteok.com//remote-jobs/107718-remote-lead-frontend-engineer-bluelabs,BlueLabs,EU & Europe,
Senior Full Stack Developer,https://remoteok.com//remote-jobs/107705-remote-senior-full-stack-developer-readytal,ReadyTal,üåè Worldwide,
Senior Developer Fellowship,https://remoteok.com//remote-jobs/107681-remote-senior-dev-fellowship-commit,Commit,üá®üá¶ CA,
Senior Back End Developer,https://remoteok.com//remote-jobs/107670-remote-senior-back-end-developer-toptal,Toptal,üåè Worldwide,
Senior Software Engineer,https://remoteok.com//remote-jobs/107667-remote-senior-software-engineer-inex-one,Inex One,Europe (Not Just EU),
Founding Engineer,https://remoteok.com//remote-jobs/107659-remote-founding-engineer-fella-health-yc-w20-s21,Fella Health (YC W20/S21),üåè Worldwide,
Backend Developer,https://remoteok.com//remote-jobs/107656-remote-backend-developer-flyp,Flyp,üá™üá∫ EU,
Senior Full Stack Engineer Ruby React. JS Ember. JS (F M,https://remoteok.com//remote-jobs/107643-remote-senior-full-stack-engineer-ruby-react-js-ember-js-f-m-gohiring-gmbh,GOhiring GmbH,üåè Worldwide,
Full Stack Node. JS Express React Developer with Shares,https://remoteok.com//remote-jobs/107626-remote-full-stack-node-js-express-react-developer-with-shares-combined,Combined,üåè Worldwide,
Senior Frontend Engineer,https://remoteok.com//remote-jobs/107625-remote-senior-frontend-engineer-momentranks,MomentRanks,üåè Worldwide,
Senior React Native Developer,https://remoteok.com//remote-jobs/107556-remote-senior-react-native-developer-toptal,Toptal,üåè Worldwide,
Front End Web Developer,https://remoteok.com//remote-jobs/107229-remote-front-end-web-developer-readytal,ReadyTal,üåè Worldwide,
JavaScript Developer,https://remoteok.com//remote-jobs/107109-remote-javascript-developer-white-sand,White Sand,üåè Worldwide,
Node. JS API Engineer,https://remoteok.com//remote-jobs/106378-remote-node-js-api-engineer-flyp,Flyp,üá™üá∫ EU,
Technical Architect JavaScript PHP,https://remoteok.com//remote-jobs/106115-remote-technical-architect-js-php-blenderbox,Blenderbox,üá∫üá∏ US,
Senior Full Stack Developer Ruby React,https://remoteok.com//remote-jobs/106045-remote-senior-full-stack-developer-ruby-react-gohiring,GOhiring,+- 4 Hours CET,
Site Reliability Engineer,https://remoteok.com//remote-jobs/104028-remote-site-reliability-engineer-checkly,Checkly,Remote (Gmt +3/-3),
Full Stack JavaScript Developer,https://remoteok.com//remote-jobs/104027-remote-full-stack-javascript-developer-checkly,Checkly,Cet,
Senior Shopify Developer,https://remoteok.com//remote-jobs/103954-remote-senior-shopify-developer-storetasker,Storetasker,üåè Worldwide,
React Native Developer,https://remoteok.com//remote-jobs/107891-remote-react-native-developer-stakester-limited,Stakester Limited,London,
Python And React Typescript Developers,https://remoteok.com//remote-jobs/107876-remote-python-and-react-typescript-developers-openunited,OpenUnited,,üí∞ $60k - $110k*
Ruby Engineer,https://remoteok.com//remote-jobs/107722-remote-ruby-engineer-fullscript,Fullscript,"Ottawa, ON",
Senior JavaScript Engineer,https://remoteok.com//remote-jobs/107721-remote-senior-javascript-engineer-fullscript,Fullscript,"Ottawa, ON",
Senior Angular Engineer,https://remoteok.com//remote-jobs/107694-remote-senior-angular-engineer-bold-penguin,Bold Penguin,,üí∞ $70k - $115k*
Polyglot Software Engineer TDD XP JavaScript,https://remoteok.com//remote-jobs/106681-remote-polyglot-software-engineer-tdd-xp-javascript-pragmateam,Pragmateam,,üí∞ $60k - $110k*
Meteor. JS Developer,https://remoteok.com//remote-jobs/106584-remote-meteor-js-developer-disclosure-to-interested-applicants,Disclosure to Interested Applicants,"Toronto, Ontario Canada",
Senior Software Engineer Rails Elm React,https://remoteok.com//remote-jobs/106512-remote-senior-software-engineer-rails-elm-react-triumphpay,TriumphPay,,üí∞ $65k - $115k*
React JavaScript Engineer,https://remoteok.com//remote-jobs/106508-remote-react-js-engineer-capital-markets-gateway,Capital Markets Gateway,"Chicago, Illinois",
Full Stack Node. JS React Engineer,https://remoteok.com//remote-jobs/106718-remote-full-stack-node-js-react-engineer-plutio,Plutio,,üí∞ $60k - $110k*
API Engineer,https://remoteok.com//remote-jobs/106719-remote-api-engineer-plutio,Plutio,,üí∞ $60k - $110k*
Full Stack Meteor + Blaze Developer,https://remoteok.com//remote-jobs/106564-remote-full-stack-meteor-blaze-developer-medipense,Medipense,Remote (Canada),
Full Stack Meteor + Blaze Developer Montreal,https://remoteok.com//remote-jobs/106399-remote-full-stack-meteor-blaze-developer-montreal-medipense,Medipense,"Montreal, or Remote (Canada) for the Right Candidate",
Help with Existing Old Meteor Application,https://remoteok.com//remote-jobs/105915-remote-help-with-existing-old-meteor-application-business-shows,Business Shows,London,
CTO of a Side Project,https://remoteok.com//remote-jobs/105916-remote-cto-of-a-side-project-mpp,MPP,Paris,
Web Application Developer,https://remoteok.com//remote-jobs/105446-remote-web-application-developer-toolmaker-de,Toolmaker.de,Remote/ Germany,
Software Engineer Code Artisan,https://remoteok.com//remote-jobs/105470-remote-software-engineer-code-artisan-boom-learning,Boom Learning,"Seattle, US",
Senior Full Stack Engineer,https://remoteok.com//remote-jobs/104923-remote-senior-full-stack-engineer-divvy-homes,Divvy Homes,,üí∞ $70k - $120k*
Senior Data Scientist,https://remoteok.com//remote-jobs/104922-remote-senior-data-scientist-divvy-homes,Divvy Homes,,üí∞ $70k - $120k*
JavaScript Full Stack Developer,https://remoteok.com//remote-jobs/104573-remote-js-full-stack-developer-robotict-s-r-o,RobotICT s.r.o,Czech Republic,
JavaScript Developer,https://remoteok.com//remote-jobs/104544-remote-javascript-developer-viget,Viget,,üí∞ $60k - $105k*
Volunteer Developer Who Can Help Creating Maps for Homeless People Around the World,https://remoteok.com//remote-jobs/103566-remote-volunteer-developer-who-can-help-creating-maps-for-homeless-people-around-the-world-focallocal-the-public-happiness-movement,FocalLocal - The Public Happiness Movement,,üí∞ $60k - $110k*
Software Developer,https://remoteok.com//remote-jobs/103564-remote-software-developer-meteor-software,Meteor Software,,üí∞ $60k - $110k*
Full Stack Java Script Pro...who Wantsdent The Universe,https://remoteok.com//remote-jobs/103533-remote-full-stack-java-script-pro-who-wantsdent-the-universe-digital-masterplanning,Digital Masterplanning,,üí∞ $60k - $110k*
